sample_id	GSE214607_RM_decidua_inflammatory_macrophage_APC_up	GSE214607_RM_villi_structural_trophoblast_down	GSE214607_decidua_immune_stromal_identity_up	GSE214607_villi_trophoblast_epithelial_identity_up
X42_FPKM	0.0266617315404721	-0.0306807992525794	0.565673052542595	-0.53094033272189
X44_FPKM	-0.380904752849092	-0.366874151021264	0.109646888022415	-0.586755008891304
X45_FPKM	-1.39215278552431	0.563003129382147	-1.65800228192521	0.888696300718254
X46_FPKM	0.774043688087558	0.575725836683698	0.130662882984283	0.619433980260821
X47_FPKM	-0.160812161701627	-0.576132454861117	0.159580509718249	-0.546866527965757
X49_FPKM	0.538891768264969	0.030591189339156	0.637433802269737	-0.482256639163549
X50_FPKM	0.594272512182027	-0.195632750270042	0.0550051463879308	0.638688227763425
