sample_id	GSE214607_RM_decidua_inflammatory_macrophage_APC_up	GSE214607_RM_villi_structural_trophoblast_down	GSE214607_decidua_immune_stromal_identity_up	GSE214607_villi_trophoblast_epithelial_identity_up
decidua_induced abortion_rep1	-0.400316654978292	-0.751518144040215	-0.17358517254934	-0.720087937104645
decidua_induced abortion_rep2	0.659615937254978	0.569247040490154	0.0908565970318604	0.443403794996244
decidua_induced abortion_rep3	-0.681811466238332	-0.18504860278127	-0.226517408328826	-0.332115929772784
decidua_recurrent spontaneous abortion_rep1	0.40991460441533	0.0434861719849425	-0.217048424107975	0.236008759270049
decidua_recurrent spontaneous abortion_rep2	0.0540503971106847	0.18328509111489	-0.0552578796147798	0.677599871545073
decidua_recurrent spontaneous abortion_rep3	-0.041452817564369	0.140548443231498	0.581552287569061	-0.304808558933938
