sample_id	GSE214607_RM_decidua_inflammatory_macrophage_APC_up	GSE214607_RM_villi_structural_trophoblast_down	GSE214607_decidua_immune_stromal_identity_up	GSE214607_villi_trophoblast_epithelial_identity_up
HC02A	-0.938899743639769	-0.064415441942265	-0.330628735371369	0.362172149929438
HC04A	-0.323035344375737	-0.724783606358798	0.370467674129428	-1.18356616515675
HC06A	-0.148954658945989	0.799971492354578	-0.0868320358305029	0.588004357787496
RSA-1A	0.491983034022998	-0.495380098668345	0.382846491243299	-0.697070271699637
RSA03A	0.549465336480923	0.117770181148963	-0.130864814431403	0.370837931781732
RSA04A	0.369441376457573	0.366837473465864	-0.204988579739446	0.559621997357722
